Region,Sector,Shelf,Reef_name,Bench year,bench cover,highest HCC pre2010,Disturbance No.,prior year,prior cover,Disturb year,Dist Decade,Disturb cover,Disturbance ,Disturbance2,Dist1,Dist2,Dist3,Disturb time,Disturbance interval,Disturbance interval realism,recovery year,recovery cover,year highest hcc,highest hcc,recovery complete,ratcheting down,consecutive dist
Central,CA,M,16017S,1994,0.401470591,yes,1,1994,0.401470591,2003,01 to 10,0.158538414,COTS,Cumulative,COTS,,,9,16,16,2010,0.32182789,1994,0.406730769,y,y,y
Central,CA,M,16017S,1994,0.401470591,yes,2,2010,0.32182789,2019,11 to 20,0.156305827,COTS,Cumulative,COTS,,,9,,2,NA,NA,,,n,,y
Central,WH,M,19131S,1996,0.327243221,yes,1,1996,0.327243221,1999,91 to 00,0.130834961,Cyclone,Cumulative,Cyclone,,,3,4,4,2002,0.180038053,1996,0.327243221,y,y,y
Central,WH,M,19131S,1996,0.327243221,yes,2,2002,0.180038053,2003,01 to 10,0.104723315,Bleaching,Bleaching,Bleaching,,,1,16,18,2017,0.24946948,,,y,,y
Central,WH,M,19131S,1996,0.327243221,yes,3,2017,0.24946948,2019,11 to 20,0.171930166,Cyclone,Cyclone,Cyclone,,,2,,2,2022,0.331821493,,,,,
Central,WH,M,19138S,1991,0.285347384,no,1,1991,0.285347384,1998,91 to 00,0.161475281,Cyclone,Cumulative,Cyclone,,,7,5,7,2002,0.222950871,2017,0.367539116,y,n,y
Central,WH,M,19138S,1991,0.285347384,no,2,2002,0.222950871,2003,01 to 10,0.151336709,Bleaching,Cumulative,Bleaching,,,1,8,7,2007,0.283706116,,,y,,y
Central,WH,M,19138S,1991,0.285347384,no,3,2007,0.283706116,2011,11 to 20,0.196663115,Cyclone,Cumulative,Cyclone,,,4,8,8,2017,0.367830565,,,y,,y
Central,WH,M,19138S,1991,0.285347384,no,4,2017,0.367830565,2019,11 to 20,0.183048412,Cyclone,Cumulative,Cyclone,,,2,,2,2022,0.236645259,,,n,,y
Central,WH,M,20104S,2004,0.322236141,yes,1,1989,0.218532485,1990,86 to 90,0.08800365,COTS,COTS,COTS,,,1,21,21,2004,0.322236141,2004,0.322236141,y,n,y
Central,WH,M,20104S,2004,0.322236141,yes,2,2004,0.322236141,2011,11 to 20,0.101179545,Multiple,Cumulative,Cyclone,COTS,Unknown,7,,10,2017,0.308303103,,,y,,y
Central,CA,O,AGINCOURT REEFS (NO 1),2001,0.344189952,yes,1,1997,0.300403857,1999,91 to 00,0.173935941,Unknown,Cumulative,Unknown,,,2,4,4,2001,0.344189952,2001,0.344189952,y,n,y
Central,CA,O,AGINCOURT REEFS (NO 1),2001,0.344189952,yes,2,2001,0.344189952,2003,01 to 10,0.176996078,Unknown,Cumulative,Unknown,,,2,10,10,2005,0.313275015,,,y,,y
Central,CA,O,AGINCOURT REEFS (NO 1),2001,0.344189952,yes,3,2005,0.313275015,2013,11 to 20,0.108164387,Multiple,Cumulative,Cyclone,bleaching,,8,,8,2021,0.317176884,,,n,,y
Central,IN,M,BEAVER REEF,1997,0.315679704,yes,1,1997,0.315679704,2003,01 to 10,0.054790269,COTS,COTS,COTS,,,6,,18,2015,0.162249439,1997,0.315679704,y,y,n
Central,CU,M,BOWDEN REEF,2003,0.210465951,yes,1,1986,0.2190518,1991,91 to 00,0.124875191,COTS,COTS,COTS,,,5,20,20,1999,0.210465951,2003,0.210465951,y,n,y
Central,CU,M,BOWDEN REEF,2003,0.210227,yes,2,1999,0.210465951,2011,11 to 20,0.145836202,Multiple,Cumulative,Multiple,,,12,,10,2021,0.296715344,,,y,,y
Central,TO,O,CHICKEN REEF,1986,0.317016959,yes,1,1986,0.317016959,1997,91 to 00,0.153637244,Multiple,Cumulative,Cyclone,COTS,Unknown,11,15,15,1998,0.253183932,1986,0.315026976,y,y,y
Central,TO,O,CHICKEN REEF,1986,0.317016959,yes,2,1998,0.253183932,2012,11 to 20,0.072890803,Multiple,Cumulative,Cyclone,COTS,Unknown,14,,9,2022,0.343447032,,,n,,y
Central,CA,M,CHINAMAN REEF(16024),1997,0.3625,yes,1,1989,0.274404762,1991,91 to 00,0.159302326,Unknown,Cumulative,Unknown,,,2,12,12,1997,0.3625,1997,0.3625,y,y,y
Central,CA,M,CHINAMAN REEF(16024),1997,0.3625,yes,2,1997,0.3625,2003,01 to 10,0.104375,COTS,Cumulative,COTS,,,6,16,16,2010,0.251162791,,,y,,y
Central,CA,M,CHINAMAN REEF(16024),1997,0.3625,yes,3,2010,0.251162791,2019,11 to 20,0.107432432,Multiple,Cumulative,COTS,bleaching,,9,,2,NA,NA,,,n,,y
Central,TO,M,DAVIES REEF,1998,0.328533495,yes,1,1987,0.290152782,1991,91 to 00,0.161875364,COTS,Cumulative,COTS,,,4,22,21,1998,0.328533495,1998,0.328667015,y,n,y
Central,TO,M,DAVIES REEF,1998,0.328533495,yes,2,1998,0.328533495,2013,11 to 20,0.112697206,Multiple,Cumulative,Cyclone,COTS,Unknown,15,,8,2022,0.529127857,,,n,,y
Central,IN,M,ELLISON REEF,1997,0.225625,yes,1,1986,0.15813253,1987,86 to 90,0.05952381,COTS,COTS,COTS,,,1,16,16,1997,0.225625,1997,0.225625,y,y,y
Central,IN,M,ELLISON REEF,1997,0.225625,yes,2,1997,0.225625,2003,01 to 10,0.023943662,COTS,Cumulative,COTS,,,6,,18,2015,0.175528169,,,y,,y
Central,CA,O,EVENING REEF,1988,0.34894661,yes,1,1988,0.34894661,1989,86 to 90,0.248366935,Unknown,Unknown,,,,1,,,1995,0.310381973,1988,0.34894661,y,,
Central,CA,O,EVENING REEF,1988,0.34894661,yes,1,1995,0.310381973,1998,91 to 00,0.206235846,COTS,Cumulative,COTS,,,3,22,17,2001,0.268862021,,,y,n,y
Central,CA,O,EVENING REEF,1988,0.34894661,yes,2,2001,0.268862021,2020,11 to 20,0.110934619,COTS,Cumulative,COTS,,,19,,1,2022,0.278995614,,,n,,y
Central,IN,M,FEATHER REEF,1994,0.23824194,yes,1,1994,0.23824194,2003,01 to 10,0.07100257,Multiple,Cumulative,COTS,Cyclone,Unknown,9,16,16,2017,0.21283783,1994,0.23824194,y,n,y
Central,IN,M,FEATHER REEF,1994,0.23824194,yes,2,2017,0.21283783,2019,11 to 20,0.09311891,Bleaching,Cumulative,Bleaching,,,2,,2,2021,0.15197706,,,n,,y
Central,IN,M,FLORA REEF,1996,0.2,yes,1,1996,0.2,2000,91 to 00,0.038235294,COTS,Cumulative,COTS,,,4,,21,2017,0.1545,1996,0.2,n,n,n
Central,TO,M,FORE AND AFT REEF,2002,0.181054688,no,1,2002,0.181054688,2006,01 to 10,0.026630435,Multiple,Cumulative,COTS,Cyclone,,4,,15,2018,0.25990566,2018,0.25990566,y,n,n
Central,TO,O,FORK REEF,2008,0.206034483,no,1,2008,0.206034483,2012,11 to 20,0.044852941,Cyclone,Cumulative,Cyclone,,,4,,9,2020,0.358108108,2020,0.358108108,n,n,n
Central,IN,O,GILBEY REEF,1996,0.319414894,yes,1,1996,0.319414894,2002,01 to 10,0.151302083,COTS,Cumulative,COTS,,,6,,19,2017,0.266666667,1996,0.319414894,n,n,n
Central,CA,I,GREEN ISLAND REEF,1996,0.132623231,yes,1,1996,0.132623231,2003,01 to 10,0.057245492,COTS,Cumulative,COTS,,,7,16,16,2017,0.123226998,1996,0.13027238,y,n,y
Central,CA,I,GREEN ISLAND REEF,1996,0.132623231,yes,2,2017,0.123226998,2019,11 to 20,0.062108079,Multiple,Cumulative,COTS,,,2,,2,2022,0.162711004,,,n,,y
Central,WH,M,HARDY REEF,1986,0.491962718,yes,1,1986,0.491962718,1989,86 to 90,0.300838291,COTS,Cumulative,COTS,,,3,8,8,1993,0.382867772,1986,0.491962718,y,y,y
Central,WH,M,HARDY REEF,1986,0.491962718,yes,2,1993,0.382867772,1997,91 to 00,0.216017494,Cyclone,Cumulative,Cyclone,,,4,4,4,2000,0.343086478,,,y,,y
Central,WH,M,HARDY REEF,1986,0.491962718,yes,3,2000,0.343086478,2001,01 to 10,0.232216997,Unknown,Unknown,Unknown,,,1,,20,2017,0.410545094,,,y,,y
Central,CA,M,HASTINGS REEF,1990,0.19133756,no,1,1990,0.19133756,1992,91 to 00,0.11930362,Cyclone,Cumulative,Cyclone,,,2,6,6,1995,0.17880882,2016,0.224067164,y,n,y
Central,CA,M,HASTINGS REEF,1990,0.19133756,no,2,1995,0.17880882,1998,91 to 00,0.11444782,Unknown,Cumulative,Unknown,,,3,7,7,2000,0.17889818,,,y,,y
Central,CA,M,HASTINGS REEF,1990,0.19133756,no,3,2000,0.17889818,2005,01 to 10,0.09738975,COTS,Cumulative,COTS,,,5,15,15,2016,0.21777067,,,y,,y
Central,CA,M,HASTINGS REEF,1990,0.19133756,no,4,2016,0.21777067,2020,11 to 20,0.0669027,Multiple,Cumulative,Bleaching,Bleaching,,4,,1,2022,0.173952297,,,n,,y
Central,TO,I,HAVANNAH REEF,1997,0.482954545,yes,1,1997,0.482954545,2002,01 to 10,0.04137931,Multiple,Cumulative,Bleaching,Cyclone,,5,,19,2017,0.271296296,1997,0.482954545,n,y,n
Central,WH,I,HAYMAN ISLAND REEF,1993,0.254513664,yes,1,1993,0.254513664,1995,91 to 00,0.126353413,Unknown,Cumulative,Unknown,Unknown,,2,26,26,2017,0.32277929,1993,0.2545399,y,n,y
Central,WH,I,HAYMAN ISLAND REEF,1993,0.254513664,yes,2,2017,0.32277929,2021,11 to 20,0.11084061,Cyclone,Cumulative,Cyclone,,,4,,0,2022,0.221570871,,,n,,n
Central,TO,M,HELIX REEF,2003,0.398523937,no,1,1986,0.306301017,1987,86 to 90,0.037775039,COTS,COTS,COTS,,,1,25,25,2003,0.398523937,2020,0.4925,y,n,n
Central,TO,M,HELIX REEF,2003,0.398523937,no,2,2003,0.398523937,2012,11 to 20,0.077020275,Multiple,Cumulative,COTS,Cyclone,,9,,9,2020,0.502896551,,,n,,y
Central,WH,O,HYDE REEF,1994,0.373276829,yes,1,1994,0.373276829,1995,91 to 00,0.239451727,Unknown,Cumulative,Unknown,,,1,18,8,2001,0.378626691,1994,0.3718911,y,n,y
Central,WH,O,HYDE REEF,1994,0.373276829,yes,2,2001,0.378626691,2013,01 to 10,0.096190194,Cyclone,Cumulative,Cyclone,,,12,,8,2022,0.595307374,,,y,,y
Central,TO,M,JOHN BREWER REEF,1998,0.301121286,no,1,1998,0.301121286,2004,01 to 10,0.054142038,Multiple,Cumulative,COTS,Unknown,,6,16,12,2016,0.424334053,2016,0.424170613,y,n,y
Central,TO,M,JOHN BREWER REEF,1998,0.301121286,no,2,2016,0.424334053,2020,11 to 20,0.114370444,Multiple,Cumulative,Bleaching,COTS,,4,,1,2022,0.217645432,,,n,,y
Central,TO,O,KNIFE REEF,2002,0.280279198,no,1,2002,0.280279198,2012,11 to 20,0.078788376,Multiple,Cumulative,Bleaching,COTS,Cyclone,10,,9,2022,0.493888079,2016,0.430747126,n,n,n
Central,TO,M,LITTLE KELSO REEF,2002,0.168814415,no,1,2002,0.168814415,2006,01 to 10,0.07521641,Multiple,Cumulative,COTS,Cyclone,,4,14,14,2016,0.371463521,2016,0.371463521,y,n,y
Central,TO,M,LITTLE KELSO REEF,2002,0.168814415,no,2,2016,0.371463521,2020,11 to 20,0.12418766,Multiple,Cumulative,COTS,Bleaching,,4,,1,2021,0.216588634,,,n,,y
Central,CA,I,LOW ISLANDS REEF,1990,0.403895551,no,1,1990,0.403895551,1993,91 to 00,0.271922687,Unknown,Cumulative,Unknown,,,3,9,9,1998,0.352926724,2017,0.4640635,y,n,y
Central,CA,I,LOW ISLANDS REEF,1990,0.403895551,no,2,1998,0.352926724,2002,01 to 10,0.147588189,Multiple,Cumulative,COTS,Cyclone,,4,18,18,2017,0.464390228,,,y,,y
Central,CA,I,LOW ISLANDS REEF,1990,0.403895551,no,3,2017,0.464390228,2020,11 to 20,0.190989597,Multiple,Cumulative,COTS,Bleaching,,3,,1,2022,0.387756726,,,n,,y
Central,CA,M,MACKAY REEF,1993,0.33650511,yes,1,1993,0.33650511,2003,01 to 10,0.147117887,Multiple,Cumulative,COTS,Cyclone,,10,16,4,2013,0.324247171,1993,0.3362665,y,n,y
Central,CA,M,MACKAY REEF,1993,0.33650511,yes,3,2013,0.324247171,2019,11 to 20,0.138966863,Multiple,Cumulative,COTS,Bleaching,,6,,2,2022,0.450929402,,,n,,y
Central,CA,M,MICHAELMAS REEF,1986,0.26938075,yes,1,1986,0.26938075,1991,91 to 00,0.09313653,Unknown,Cumulative,Unknown,,,5,,30,1997,0.15008573,1986,0.26938075,n,y,n
Central,IN,M,MOORE REEF,1990,0.2056206,yes,1,1990,0.2056206,1994,91 to 00,0.1140359,Cyclone,Cumulative,Cyclone,,,4,26,26,1997,0.1653292,1990,0.2056206,y,y,y
Central,IN,M,MOORE REEF,1990,0.2056206,yes,2,1997,0.1653292,2020,11 to 20,0.1048776,Multiple,Cumulative,COTS,Cyclone,Bleaching,23,,1,2021,0.131614,,,n,,y
Central,TO,O,MYRMIDON REEF,1998,0.303880061,yes,1,1988,0.229939686,1990,86 to 90,0.164579369,Cyclone,Cumulative,Cyclone,,,2,4,4,1993,0.268199581,1998,0.303880061,y,y,y
Central,TO,O,MYRMIDON REEF,1998,0.303880061,yes,2,1993,0.268199581,1994,91 to 00,0.201504552,Unknown,Unknown,Unknown,,,1,8,8,1998,0.303880061,,,y,,y
Central,TO,O,MYRMIDON REEF,1998,0.303880061,yes,3,1998,0.303880061,2002,01 to 10,0.208694506,Multiple,Cumulative,Bleaching,Unknown,,4,9,9,2005,0.288370441,,,y,,y
Central,TO,O,MYRMIDON REEF,1998,0.303880061,yes,4,2005,0.288370441,2011,11 to 20,0.079993079,Cyclone,Cumulative,Cyclone,Cyclone,,6,,10,2022,0.455569514,,,y,,y
Central,IN,O,NOGGIN REEF,1986,0.280555556,yes,1,1986,0.280555556,1987,86 to 90,0.120945946,Cyclone,Cyclone,Cyclone,,,1,,34,2002,0.267456897,1986,0.280555556,y,n,n
Central,CA,O,NORMAN REEF,1986,0.5250424,yes,1,1986,0.5250424,1988,86 to 90,0.2742753,Multiple,Cumulative,Cyclone,Bleaching,,2,3,3,1989,0.4347084,1986,0.5250424,y,y,y
Central,CA,O,NORMAN REEF,1986,0.5250424,yes,2,1989,0.434210526,1991,91 to 00,0.144736842,Cyclone,Cumulative,Cyclone,,,2,13,13,1998,0.322413793,,,y,,y
Central,CA,O,NORMAN REEF,1986,0.5250424,yes,3,1998,0.3194158,2004,01 to 10,0.1871692,Cyclone,Cumulative,Cyclone,,,6,,17,2007,0.2144549,,,y,,y
Central,IN,I,NORMANBY-MABEL REEF,1988,0.521052632,yes,1,1986,0.477631579,1987,86 to 90,0.36875,Unknown,Cyclone,Cyclone,,,1,5,5,1988,0.521052632,1988,0.521052632,y,n,y
Central,IN,I,NORMANBY-MABEL REEF,1988,0.521052632,yes,2,1988,0.521052632,1992,91 to 00,0.065,Unknown,Cumulative,Unknown,,,4,10,10,1996,0.176470588,,,y,,y
Central,IN,I,NORMANBY-MABEL REEF,1988,0.521052632,yes,3,1996,0.176470588,2002,01 to 10,0.051388889,Multiple,Cumulative,Unknown,Cyclone,,6,11,11,2005,0.184722222,,,y,,y
Central,IN,I,NORMANBY-MABEL REEF,1988,0.521052632,yes,4,2005,0.184722222,2013,11 to 20,0.08125,Cyclone,Cumulative,Cyclone,,,8,,8,NA,NA,,,n,,y
Central,IN,M,PEART REEF,2010,0.156457515,no,1,1992,0.149131248,2006,01 to 10,0.103034312,Unknown,Cumulative,Unknown,,,14,12,6,2010,0.156457515,2016,0.181114907,y,n,y
Central,IN,M,PEART REEF,2010,0.156457515,no,3,2016,0.181114907,2018,11 to 20,0.071300917,COTS,Cumulative,COTS,,,2,,3,2022,0.120927348,,,n,,y
Central,IN,O,POTTER REEF (NO 1),1995,0.2796875,no,1,1986,0.165942029,1987,86 to 90,0.055978261,Cyclone,Cyclone,Cyclone,,,1,22,22,1995,0.2796875,,,y,n,y
Central,IN,O,POTTER REEF (NO 1),1995,0.2796875,no,2,1995,0.2796875,2009,01 to 10,0.074350649,Multiple,Cumulative,Unknown,COTS,Cyclone,14,,12,2016,0.338871951,2016,0.338871951,n,,y
Central,CA,O,RACHEL CARSON REEF,1989,0.363375,yes,1,1989,0.363375,1991,91 to 00,0.2510254,Cyclone,Cumulative,Cyclone,,,2,29,29,2004,0.3467096,1989,0.363375,y,n,y
Central,CA,O,RACHEL CARSON REEF,1989,0.363375,yes,2,2004,0.3467096,2020,11 to 20,0.1867641,Unknown,Cumulative,Unknown,,,16,,1,2021,0.307448,,,n,,y
Central,WH,O,REBE REEF,2002,0.28822394,no,1,1994,0.27348855,1997,91 to 00,0.169995,Cyclone,Cumulative,Cyclone,,,3,7,7,2002,0.28822394,2021,0.60122653,y,n,y
Central,WH,O,REBE REEF,2002,0.28822394,no,2,2002,0.28822394,2004,01 to 10,0.19675104,Bleaching,Cumulative,Bleaching,,,2,7,7,2005,0.27946959,,,y,,y
Central,WH,O,REBE REEF,2002,0.28822394,no,3,2005,0.27946959,2011,11 to 20,0.08096244,Cyclone,Cumulative,Cyclone,,,6,,10,2021,0.60122653,,,n,,y
Central,TO,M,RIB REEF,1995,0.428876566,no,1,1995,0.428876566,2003,01 to 10,0.092968829,Multiple,Cumulative,Cyclone,COTS,Bleaching,8,8,8,2010,0.232234783,2016,0.498710315,y,n,y
Central,TO,M,RIB REEF,1995,0.428876566,no,2,2010,0.232234783,2011,11 to 20,0.115967404,Cyclone,Cyclone,Cyclone,,,1,9,9,2016,0.498710315,,,y,,y
Central,TO,M,RIB REEF,1995,0.428876566,no,3,2016,0.498710315,2020,11 to 20,0.113387817,Multiple,Cumulative,Bleaching,COTS,,4,,1,2022,0.239621516,,,n,,y
Central,TO,M,ROXBURGH REEF,2010,0.280921053,no,1,2010,0.280921053,2012,11 to 20,0.065,Cyclone,Cumulative,Cyclone,,,2,,9,2020,0.34673913,2020,0.34673913,n,n,n
Central,CA,O,RUBY REEF,1989,0.291544118,yes,1,1989,0.291544118,1996,91 to 00,0.132307692,Unknown,Cumulative,Unknown,,,7,,25,2002,0.251515152,1989,0.291544118,y,n,n
Central,CA,M,SAXON REEF,1986,0.507352941,yes,1,1986,0.507352941,1991,91 to 00,0.160227273,Cyclone,Cumulative,Cyclone,,,5,16,16,1999,0.4,1986,0.507352941,y,y,y
Central,CA,M,SAXON REEF,1986,0.507352941,yes,2,1999,0.4,2007,01 to 10,0.14375,Unknown,Cumulative,Unknown,,,8,,14,2017,0.305,,,y,,y
Central,CU,M,SHELL REEF,1986,0.207146551,yes,1,1986,0.207146551,1990,86 to 90,0.07869024,COTS,Cumulative,COTS,,,4,13,13,2000,0.188541667,1986,0.246153846,y,n,y
Central,CU,M,SHELL REEF,1986,0.207146551,yes,2,2000,0.188541667,2003,01 to 10,0.082142857,Multiple,Cumulative,Cyclone,COTS,,3,,18,2021,0.354334025,,,n,,y
Central,CU,M,SHOWERS REEF,1992,0.259120938,yes,1,1992,0.263541667,2003,01 to 10,0.166875,Multiple,Cumulative,Cyclone,Unknown,,11,,18,2007,0.249709302,1992,0.263541667,n,n,n
Central,CU,M,SHRIMP REEF,1989,0.364297063,yes,1,1989,0.364297063,1992,91 to 00,0.145767595,Cyclone,Cumulative,Cyclone,,,3,15,15,2000,0.276131609,1989,0.364297063,y,n,y
Central,CU,M,SHRIMP REEF,1989,0.364297063,yes,2,2000,0.276131609,2007,01 to 10,0.158287547,COTS,Cumulative,COTS,,,7,,14,2021,0.303330636,,,n,,y
Central,WH,O,SLATE REEF,1993,0.524549477,yes,1,1993,0.524549477,1997,91 to 00,0.308163122,Multiple,Cumulative,Cyclone,Unknown,,4,16,16,2005,0.501675567,1993,0.524549477,y,n,y
Central,WH,O,SLATE REEF,1993,0.524549477,yes,2,2005,0.5016902,2013,11 to 20,0.110698273,Cyclone,Cumulative,Cyclone,,,8,,8,2022,0.595471136,,,n,,y
Central,CA,O,ST CRISPIN REEF,2000,0.2306153,yes,1,1986,0.21924017,1991,91 to 00,0.15658199,Unknown,Cumulative,Unknown,,,5,13,13,2000,0.2306153,2000,0.2306153,y,n,y
Central,CA,O,ST CRISPIN REEF,2000,0.2306153,yes,2,2000,0.2306153,2004,01 to 10,0.12715783,Multiple,Cumulative,COTS,Cyclone,,4,14,14,2016,0.1947311,,,y,,y
Central,CA,O,ST CRISPIN REEF,2000,0.2306153,yes,3,2016,0.1947311,2018,11 to 20,0.10009425,Bleaching,Cumulative,Bleaching,,,2,,3,2021,0.19863288,,,n,,y
Central,CU,M,STANLEY REEF,1986,0.339098837,yes,1,1986,0.339098837,1992,91 to 00,0.050416667,COTS,Cumulative,COTS,,,6,,29,2002,0.194537815,1986,0.339098837,y,n,n
Central,IN,M,TAYLOR REEF,1991,0.233245388,no,1,1991,0.233245388,2008,01 to 10,0.098175319,COTS,Cumulative,COTS,,,17,12,12,2016,0.395987998,2016,0.397592,y,n,y
Central,IN,M,TAYLOR REEF,1991,0.233245388,no,2,2016,0.395987998,2020,11 to 20,0.124874824,Multiple,Cumulative,COTS,Bleaching,,4,,1,2022,0.184136272,,,n,,y
Central,CA,M,THETFORD REEF,1986,0.360833386,yes,1,1986,0.360833386,1987,86 to 90,0.175550111,Cyclone,Cumulative,Cyclone,,,1,7,7,1989,0.329819511,1986,0.360833386,y,y,y
Central,CA,M,THETFORD REEF,1986,0.360833386,yes,2,1989,0.329819511,1994,91 to 00,0.120695087,Cyclone,Cumulative,Cyclone,,,5,11,11,1998,0.276968992,,,y,,y
Central,CA,M,THETFORD REEF,1986,0.360833386,yes,3,1998,0.276968992,2005,01 to 10,0.072650479,Multiple,Cumulative,COTS,Unknown,,7,7,7,2010,0.208379479,,,y,,y
Central,CA,M,THETFORD REEF,1986,0.360833386,yes,4,2010,0.208379479,2012,11 to 20,0.126809091,Multiple,Cumulative,Cyclone,bleaching,,2,7,7,2016,0.196776595,,,y,,y
Central,CA,M,THETFORD REEF,1986,0.360833386,yes,5,2016,0.196776595,2019,11 to 20,0.101152401,Multiple,Cumulative,COTS,Bleaching,,3,,2,2022,0.3080528,,,n,,y
Central,CU,O,VIPER REEF,1999,0.46176934,yes,1,1987,0.368459859,1988,86 to 90,0.176001381,Cyclone,Cyclone,Cyclone,,,1,4,4,1989,0.403861623,2021,0.493105618,y,n,y
Central,CU,O,VIPER REEF,1999,0.46176934,yes,2,1989,0.403861623,1992,91 to 00,0.176335523,Multiple,Cumulative,Cyclone,COTS,,3,10,10,1999,0.46176934,,,y,,y
Central,CU,O,VIPER REEF,1999,0.46176934,yes,3,1999,0.46176934,2002,01 to 10,0.312008617,Cyclone,Cumulative,Cyclone,,,3,9,9,2005,0.410541612,,,y,,y
Central,CU,O,VIPER REEF,1999,0.46176934,yes,4,2005,0.410541612,2011,11 to 20,0.127256365,Cyclone,Cumulative,Cyclone,,,6,,10,2021,0.493105618,,,n,,y
Central,IN,O,WARDLE REEF,1997,0.260477941,yes,1,1997,0.260477941,1999,91 to 00,0.121982759,COTS,Cumulative,COTS,,,2,4,4,2002,0.199230769,1997,0.260477941,y,y,y
Central,IN,O,WARDLE REEF,1997,0.260477941,yes,2,2002,0.199230769,2003,01 to 10,0.09375,Unknown,Unknown,Unknown,,,1,4,4,2005,0.182627119,,,y,,y
Central,IN,O,WARDLE REEF,1997,0.260477941,yes,3,2005,0.182627119,2007,01 to 10,0.052692308,Cyclone,Cumulative,Cyclone,,,2,,14,2016,0.183606557,,,y,,y
Central,TO,M,WHEELER REEF,2007,0.466248,yes,1,1986,0.3692956,1990,91 to 00,0.10125678,COTS,Cumulative,COTS,,,4,9,9,1998,0.44946734,2021,0.70489044,y,n,y
Central,TO,M,WHEELER REEF,2007,0.466248,yes,2,1998,0.44946734,1999,91 to 00,0.26861136,Bleaching,Bleaching,Bleaching,,,1,16,16,2007,0.466248,,,y,,y
Central,TO,M,WHEELER REEF,2007,0.466248,yes,3,2007,0.466248,2015,11 to 20,0.21061235,Cyclone,Cumulative,Cyclone,,,8,,6,2021,0.70489044,,,n,,y
Northern,PC,O,13040s,2000,0.3632627,yes,1,2000,0.3632627,2006,01 to 10,0.1230729,Cyclone,Cumulative,Cyclone,,,6,14,14,2019,0.2767118,2000,0.355555556,y,n,y
Northern,PC,O,13040s,2000,0.3632627,yes,2,2019,0.2767118,2020,11 to 20,0.1554874,Cyclone,Cumulative,Cyclone,,,6,,1,2021,0.3141411,,,n,,y
Northern,PC,O,13041S,2000,0.355555556,yes,1,2019,0.274358974,2020,11 to 20,0.165561224,Cyclone,Cyclone,Cyclone,,,1,,1,NA,NA,2019,0.274358974,n,n,n
Northern,CG,M,ASHMORE BANKS (1),1995,0.674623435,no,1,1995,0.674623435,1998,91 to 00,0.438173881,Unknown,Cumulative,Unknown,,,3,15,15,2004,0.621363383,2022,0.8291129,y,y,y
Northern,CG,M,ASHMORE BANKS (1),1995,0.674623435,no,2,2004,0.621363383,2013,11 to 20,0.244034568,Unknown,Cumulative,Unknown,,,9,6,6,2017,0.581579703,,,y,,y
Northern,CG,M,ASHMORE BANKS (1),1995,0.674623435,no,3,2017,0.581579703,2019,11 to 20,0.387127744,Cyclone,Cumulative,Cyclone,,,2,,2,2022,0.8291129,,,n,,y
Northern,CG,M,ASHMORE BANKS (2),1986,0.480710558,no,1,1986,0.480710558,2013,11 to 20,0.283257174,Unknown,Cumulative,Unknown,,,27,,8,2022,0.671799975,2021,0.6243523,n,n,n
Northern,CG,M,ASHMORE BANKS (3),1986,0.614412654,no,1,1986,0.614412654,2013,11 to 20,0.225084581,Multiple,Cumulative,Cyclone,Unknown,,27,,8,2017,0.589890037,2022,0.718544974,y,y,y
Northern,CG,M,ASHMORE BANKS (3),1986,0.614412654,no,2,2017,0.589890037,2019,11 to 20,0.371224914,Cyclone,Cumulative,Cyclone,,,2,,2,2022,0.718544974,,,n,,y
Northern,PC,M,CLACK REEF,1990,0.520652174,yes,1,1990,0.520652174,1991,91 to 00,0.169140625,Cyclone,Cyclone,Cyclone,,,1,15,15,2000,0.344642857,1990,0.520652174,y,y,y
Northern,PC,M,CLACK REEF,1990,0.520652174,yes,2,2000,0.344642857,2006,01 to 10,0.215429688,COTS,Cumulative,COTS,,,6,11,11,2013,0.385897436,,,y,,y
Northern,PC,M,CLACK REEF,1990,0.520652174,yes,3,2013,0.385897436,2017,11 to 20,0.182078313,Multiple,Cumulative,COTS,Bleaching,,4,,4,NA,NA,,,n,,y
Northern,CG,M,CURD REEF,1990,0.3636857,yes,1,1990,0.3636857,2002,01 to 10,0.2067122,Cyclone,Cumulative,Cyclone,,,12,15,15,2013,0.2747127,1990,0.359821429,y,y,y
Northern,CG,M,CURD REEF,1990,0.3636857,yes,2,2013,0.2747127,2017,11 to 20,0.1473846,Bleaching,Cumulative,Bleaching,,,4,,,2021,0.1832726,,,n,,y
Northern,CL,M,FORRESTER REEF,1994,0.293526786,yes,1,1994,0.293526786,1997,91 to 00,0.090833333,COTS,Cumulative,COTS,,,3,18,18,2009,0.220833333,1994,0.293526786,y,y,y
Northern,CL,M,FORRESTER REEF,1994,0.293526786,yes,2,2009,0.220833333,2015,11 to 20,0.051639344,COTS,Cumulative,COTS,,,6,,6,2021,0.257072,1994,0.293526786,n,,y
Northern,CL,M,HELSDON REEF,1990,0.326219512,yes,1,1990,0.326219512,1999,91 to 00,0.105263158,Multiple,Cumulative,Cyclone,COTS,,9,16,16,2013,0.239583333,1990,0.326219512,y,y,y
Northern,CL,M,HELSDON REEF,1990,0.326219512,yes,2,2013,0.239583333,2015,11 to 20,0.074519231,COTS,Cumulative,COTS,,,2,,6,2021,0.2752514,,,n,,y
Northern,CG,O,LAGOON REEF,1993,0.4222369,yes,1,1993,0.4222369,2006,01 to 10,0.2895804,Multiple,Cumulative,Cyclone,Unknown,,13,,15,2019,0.3912743,1993,0.418534483,n,y,n
Northern,CL,I,LINNET REEF,1988,0.442235106,yes,1,1988,0.442235106,2004,01 to 10,0.189302389,Multiple,Cumulative,COTS,Unknown,,16,13,13,2011,0.345903222,1988,0.438513514,y,y,y
Northern,CL,I,LINNET REEF,1988,0.442235106,yes,2,2011,0.345903222,2017,11 to 20,0.083999939,Multiple,Cumulative,COTS,Cyclone,,6,,4,2022,0.26624056,,,y,,y
Northern,CL,I,MARTIN REEF(14123),2005,0.293023459,no,1,1990,0.266547787,1991,91 to 00,0.177837592,Cyclone,Cyclone,Cyclone,,,1,7,7,1995,0.292468032,2011,0.332000712,y,n,y
Northern,CL,I,MARTIN REEF(14123),2005,0.293023459,no,2,1995,0.292468032,1998,91 to 00,0.198188435,COTS,Cumulative,COTS,,,3,6,6,2000,0.280681512,,,y,,y
Northern,CL,I,MARTIN REEF(14123),2005,0.293023459,no,3,2000,0.280681512,2004,01 to 10,0.172547124,Multiple,Cumulative,COTS,Bleaching,Disease,4,4,4,2005,0.293023459,,,y,,y
Northern,CL,I,MARTIN REEF(14123),2005,0.293023459,no,4,2005,0.293023459,2008,01 to 10,0.214937682,Unknown,Cumulative,Unknown,,,3,9,9,2011,0.332000712,,,y,,y
Northern,CL,I,MARTIN REEF(14123),2005,0.293023459,no,5,2011,0.332000712,2017,11 to 20,0.105918881,Multiple,Cumulative,COTS,Bleaching,Cyclone,6,,4,2022,0.241261816,,,n,,y
Northern,CL,M,MARX REEF,1991,0.377083333,yes,1,1991,0.377083333,2003,01 to 10,0.178125,COTS,Cumulative,COTS,,,12,12,12,2009,0.287037037,1991,0.377083333,y,y,y
Northern,CL,M,MARX REEF,1991,0.377083333,yes,2,2009,0.287037037,2015,11 to 20,0.113709677,COTS,Cumulative,COTS,,,6,,6,NA,NA,,,n,,y
Northern,CG,M,MIDDLE BANKS (2),1998,0.713953337,no,1,1998,0.713953337,2019,11 to 20,0.348865859,Multiple,Cumulative,Unknown,Bleaching,Cyclone,21,,2,2022,0.766990518,2022,0.766990518,y,y,n
Northern,CG,M,MIDDLE BANKS (3),1998,0.6206948,yes,1,1986,0.6023065,1995,91 to 00,0.4260157,Multiple,Cumulative,Cyclone,,,9,18,18,1998,0.6206948,2021,0.721634,y,n,y
Northern,CG,M,MIDDLE BANKS (3),1998,0.6206948,yes,2,1998,0.6206948,2013,11 to 20,0.3660008,Unknown,Cumulative,Unknown,,,15,,8,2021,0.721634,,,n,,y
Northern,CL,O,NO NAME REEF,1999,0.397796117,yes,1,1999,0.397796117,2002,01 to 10,0.21342765,Unknown,Cumulative,Unknown,,,3,5,5,2003,0.287229651,1999,0.397796117,y,y,y
Northern,CL,O,NO NAME REEF,1999,0.397796117,yes,2,2003,0.287229651,2007,01 to 10,0.144061982,Multiple,Cumulative,Cyclone,Unknown,,4,10,10,2010,0.207677311,,,y,,y
Northern,CL,O,NO NAME REEF,1999,0.397796117,yes,3,2010,0.207677311,2017,11 to 20,0.093830356,Multiple,Cumulative,Cyclone,Bleaching,Unknown,7,,4,2022,0.227623787,,,n,,y
Northern,CL,M,NORTH DIRECTION REEF,2009,0.479411765,yes,1,1994,0.405147059,1998,91 to 00,0.155555556,COTS,Cumulative,COTS,,,4,10,10,2006,0.384210526,2009,0.479411765,y,n,y
Northern,CL,M,NORTH DIRECTION REEF,2009,0.479411765,yes,2,2006,0.384210526,2008,01 to 10,0.258333333,Unknown,Cumulative,Unknown,,,2,9,9,2009,0.479411765,,,y,,y
Northern,CL,M,NORTH DIRECTION REEF,2009,0.479411765,yes,3,2009,0.479411765,2017,11 to 20,0.03125,Multiple,Cumulative,Cyclone,COTS,Bleaching,8,,4,2021,0.50001232,,,n,,y
Northern,CL,M,NYMPH REEF,1996,0.417857143,yes,1,1996,0.417857143,2005,01 to 10,0.2975,COTS,Cumulative,COTS,,,9,,16,2010,0.386413043,1996,0.417857143,y,n,n
Central,CA,O,OPAL (2),1997,0.28885215,yes,1,1997,0.28885215,1998,91 to 00,0.18246548,Unknown,Unknown,Unknown,,,1,5,5,2000,0.2523023,1997,0.28885215,y,y,y
Central,CA,O,OPAL (2),1997,0.28885215,yes,2,2000,0.2523023,2003,01 to 10,0.11166655,Multiple,Cumulative,COTS,Unknown,,3,16,16,2011,0.21214047,,,y,,y
Central,CA,O,OPAL (2),1997,0.28885215,yes,3,2011,0.21214047,2019,11 to 20,0.08825198,Bleaching,Cumulative,Bleaching,,,8,,2,2021,0.11573786,,,n,,y
Northern,PC,I,OSBORNE REEF,1993,0.459459459,yes,1,1993,0.459459459,2020,11 to 20,0.034756098,Multiple,Cumulative,COTS,Cyclone,Unknown,27,,1,NA,NA,1993,0.459459459,n,y,n
Northern,PC,I,PELICAN ISLAND REEF(13107),2001,0.307421875,yes,1,1986,0.227118644,1995,91 to 00,0.084090909,Cyclone,Cumulative,Cyclone,,,9,,26,2001,0.307421875,2016,0.212954545,y,n,n
Central,CA,M,PICKERSGILL REEF,1990,0.3199491,yes,1,1990,0.3199491,1998,91 to 00,0.1721527,Multiple,Cumulative,COTS,Cyclone,,8,9,9,2000,0.305124,1990,0.3199491,y,n,y
Central,CA,M,PICKERSGILL REEF,1990,0.3199491,yes,2,2000,0.305124,2007,01 to 10,0.1348579,Multiple,Cumulative,COTS,Cyclone,,7,12,12,2011,0.2293522,,,y,,y
Central,CA,M,PICKERSGILL REEF,1990,0.3199491,yes,3,2011,0.2293522,2019,11 to 20,0.1111654,Multiple,Cumulative,Bleaching,COTS,,8,,2,2021,0.3371466,,,n,,y
Central,CA,M,PIXIE REEF,2005,0.419318182,no,1,1988,0.3725,1993,91 to 00,0.211363636,Cyclone,Cumulative,Cyclone,,,5,9,9,1996,0.352777778,2010,0.4425,y,n,y
Central,CA,M,PIXIE REEF,2005,0.419318182,no,2,1996,0.352777778,2002,01 to 10,0.169230769,Unknown,Cumulative,Unknown,,,6,5,5,2005,0.419318182,,,y,,y
Central,CA,M,PIXIE REEF,2005,0.419318182,no,3,2005,0.419318182,2007,01 to 10,0.202083333,Cyclone,Cumulative,Cyclone,,,2,,14,2010,0.4425,,,n,,y
Northern,CL,O,RIBBON NO 1 REEF,2001,0.3800931,yes,1,2001,0.3800931,2015,11 to 20,0.2020387,Unknown,Cumulative,Unknown,,,14,,6,2021,0.3381396,2001,0.3800931,n,n,n
Northern,CL,O,RIBBON NO 6 REEF,2000,0.347916667,yes,1,2000,0.347916667,2013,11 to 20,0.163114754,Unknown,Cumulative,Unknown,,,13,4,4,2015,0.224090909,2000,0.347916667,y,y,y
Northern,CL,O,RIBBON NO 6 REEF,2000,0.347916667,yes,2,2015,0.224090909,2017,11 to 20,0.107272727,Multiple,Cumulative,Bleaching,Cyclone,,2,,4,NA,NA,,,n,,y
Northern,PC,O,RODDA REEF,1986,0.511129764,no,1,1986,0.511129764,1987,86 to 90,0.16180908,COTS,COTS,COTS,,,1,19,19,2001,0.426180802,2022,0.530923408,y,y,y
Northern,PC,O,RODDA REEF,1986,0.511129764,no,2,2001,0.426180802,2006,01 to 10,0.142808235,Multiple,Cumulative,COTS,Cyclone,,5,13,13,2015,0.361051986,,,y,,y
Northern,PC,O,RODDA REEF,1986,0.511129764,no,3,2015,0.361051986,2019,11 to 20,0.263433325,Bleaching,Cumulative,Bleaching,,,4,,2,2022,0.530923408,,,n,,y
Northern,CL,M,ROSSER REEF,1992,0.349621212,yes,1,1992,0.349621212,2002,01 to 10,0.189236111,COTS,Cumulative,COTS,,,10,,19,2011,0.335040984,1992,0.349621212,n,n,n
Northern,PC,O,SAND BANK NO 1 REEF,1999,0.327247651,yes,1,1999,0.327247651,2019,11 to 20,0.16220236,Multiple,Cumulative,Cyclone,Bleaching,,20,,2,2022,0.528229251,1999,0.3260242,n,n,n
Northern,CG,M,SIR CHARLES HARDY ISLANDS (1),2002,0.571666667,yes,1,2002,0.571666667,2017,11 to 20,0.1,Multiple,Cumulative,Unknown,Bleaching,,15,,4,NA,NA,2002,0.571666667,n,n,n
Northern,CG,M,SIR CHARLES HARDY ISLANDS (2),1996,0.613157895,yes,1,1996,0.613157895,2002,01 to 10,0.440277778,Unknown,Cumulative,Unknown,,,6,15,15,2005,0.520588235,1996,0.613157895,y,y,y
Northern,CG,M,SIR CHARLES HARDY ISLANDS (2),1996,0.613157895,yes,2,2005,0.520588235,2017,11 to 20,0.103571429,Multiple,Cumulative,Unknown,Bleaching,,12,,4,NA,NA,,,n,,y
Northern,CL,M,STAPLETON REEF,1988,0.298214286,yes,1,1988,0.298214286,1995,91 to 00,0.065243902,COTS,Cumulative,COTS,,,7,,26,2007,0.204779412,1988,0.298214286,y,n,n
Northern,CL,M,STARTLE (EAST),1992,0.36040166,yes,1,1992,0.36040166,1998,91 to 00,0.08266969,COTS,Cumulative,COTS,,,6,17,17,2007,0.18969892,1992,0.36040166,y,y,y
Northern,CL,M,STARTLE (EAST),1992,0.36040166,yes,2,2007,0.18969892,2015,11 to 20,0.07092311,COTS,Cumulative,COTS,,,8,,6,2021,0.0919205,,,n,,y
Northern,CL,M,SWINGER REEF,1992,0.4336588,yes,1,1988,0.3510951,1989,86 to 90,0.223022,Unknown,Unknown,Unknown,,,1,15,15,1992,0.4336588,1992,0.4336588,y,y,y
Northern,CL,M,SWINGER REEF,1992,0.4336588,yes,2,1992,0.4336588,2004,01 to 10,0.1690978,COTS,Cumulative,COTS,,,12,11,11,2009,0.2837331,,,y,,y
Northern,CL,M,SWINGER REEF,1992,0.4336588,yes,3,2009,0.2837331,2015,11 to 20,0.1181521,Multiple,Cumulative,COTS,Cyclone,,6,,6,2021,0.2514961,,,n,,y
Northern,CL,I,TWO ISLANDS REEF,1988,0.433333333,no,1,1988,0.433333333,1989,86 to 90,0.304166667,Unknown,Unknown,Unknown,,,1,10,10,1993,0.414285714,2011,0.465340909,y,n,y
Northern,CL,I,TWO ISLANDS REEF,1988,0.433333333,no,2,1993,0.414285714,1999,91 to 00,0.078947368,COTS,Cumulative,COTS,,,6,,22,2011,0.465340909,,,y,,y
Northern,PC,O,TYDEMAN REEF,1988,0.445651058,yes,1,1986,0.32473789,1987,86 to 90,0.246015382,Unknown,Unknown,Unknown,,,1,4,4,1988,0.445651058,1988,0.445651058,y,y,y
Northern,PC,O,TYDEMAN REEF,1988,0.445651058,yes,2,1988,0.445651058,1991,91 to 00,0.09717279,Cyclone,Cumulative,Cyclone,,,3,,30,1999,0.321669171,,,y,,y
Northern,PC,O,TYDEMAN REEF,1988,0.445651058,yes,3,1999,0.321669171,2021,21 to 30,0.220350737,Cyclone,Cumulative,Cyclone,Unknown,,22,,,2022,0.366788172,,,,,
Northern,CL,O,YONGE REEF,2005,0.277001043,yes,1,2005,0.277001043,2017,11 to 20,0.117379433,Multiple,Cumulative,Cyclone,Bleaching,Disease,12,,4,2022,0.252491974,2005,0.277001043,n,y,n
Southern,PO,M,20353S,2008,0.466517857,yes,1,2008,0.466517857,2012,11 to 20,0.093269231,Cyclone,Cumulative,Cyclone,,,4,,9,2020,0.457,2008,0.466517857,n,n,n
Southern,PO,M,20354S,1999,0.564432937,yes,1,1999,0.564432937,2011,11 to 20,0.127258367,Cyclone,Cumulative,Cyclone,,,12,,10,2022,0.387895137,1999,0.571354167,n,n,n
Southern,PO,M,21074S,1998,0.522426471,yes,1,1998,0.522426471,2009,01 to 10,0.176595745,Cyclone,Cumulative,Cyclone,,,11,,12,2015,0.389189189,1998,0.522426471,n,n,n
Southern,PO,M,21139S,1992,0.506331156,no,1,1992,0.506331156,2010,01 to 10,0.169720797,Cyclone,Cumulative,Cyclone,,,18,,11,2022,0.61596262,2022,0.61596262,n,n,n
Southern,PO,M,21187S,1992,0.531949514,yes,1,1992,0.531949514,2010,11 to 20,0.134853991,Cyclone,Cumulative,Cyclone,,,18,,11,2022,0.513790152,1992,0.531949514,n,n,n
Southern,SW,M,21245S,2006,0.298275862,yes,1,2006,0.298275862,2012,11 to 20,0.074152542,Cyclone,Cumulative,Cyclone,,,6,,9,2020,0.281798246,2006,0.298275862,n,n,n
Southern,SW,O,21302S,2006,0.395,no,1,2006,0.395,2012,11 to 20,0.256730769,Multiple,Cumulative,Unknown,,,6,,9,2018,0.517261905,2018,0.517261905,y,n,n
Southern,SW,M,21529S,2005,0.492144856,yes,1,1993,0.343691447,1997,91 to 00,0.233175915,Cyclone,Cumulative,Cyclone,,,4,13,13,2005,0.492144856,2021,0.535572914,y,n,y
Southern,SW,M,21529S,2005,0.492144856,,2,2005,0.492144856,2010,01 to 10,0.113526297,Multiple,Cumulative,Cyclone,Unknown,,5,,11,2021,0.535572914,,,n,,y
Southern,SW,M,21550S,1986,0.619767442,yes,1,1986,0.619767442,2010,01 to 10,0.112857143,Multiple,Cumulative,Cyclone,Unknown,,24,,11,2020,0.459883721,1986,0.619767442,n,n,n
Southern,SW,M,21558S,2006,0.397304971,no,1,2006,0.397304971,2012,11 to 20,0.212304214,Multiple,Cumulative,Cyclone,Unknown,,6,,9,2018,0.556896831,2018,0.556896831,n,n,n
Southern,SW,M,22084S,2008,0.145588235,no,1,2008,0.145588235,2010,01 to 10,0.030263158,Cyclone,Cumulative,Cyclone,,,2,,11,2018,0.529411765,2018,0.529411765,y,n,n
Southern,PO,O,BEN REEF,2006,0.6352003,yes,1,1988,0.57482309,1994,91 to 00,0.32741722,Unknown,Cumulative,Unknown,,,6,4,4,1996,0.44157955,2006,0.6352003,y,n,y
Southern,PO,O,BEN REEF,2006,0.6352003,yes,2,1996,0.44157955,1998,91 to 00,0.37335644,Unknown,Cumulative,Unknown,,,2,15,15,2006,0.6352003,,,y,,y
Southern,PO,O,BEN REEF,2006,0.6352003,yes,3,2006,0.6352003,2013,11 to 20,0.08476234,Multiple,Cumulative,Cyclone,Unknown,,7,,8,2021,0.60578878,,,n,,y
Southern,CB,O,BOULT REEF,2006,0.52225,yes,1,2006,0.52225,2010,01 to 10,0.08902439,Multiple,Cumulative,Cyclone,Unknown,,4,,11,2021,0.6092525,2021,0.6092525,n,n,n
Southern,PO,M,BRIGGS REEF (NO 4),1998,0.4515625,yes,1,1998,0.4515625,2009,01 to 10,0.175,COTS,Cumulative,COTS,,,11,,12,2015,0.291666667,1998,0.4515625,n,n,n
Southern,CB,O,BROOMFIELD REEF,1988,0.475714472,no,1,1988,0.475714472,1990,86 to 90,0.208669714,Cyclone,Cumulative,Cyclone,,,2,14,14,2000,0.41667836,2022,0.635770577,y,n,y
Southern,CB,O,BROOMFIELD REEF,1988,0.475714472,no,2,2000,0.41667836,2004,01 to 10,0.263146929,Cyclone,Cumulative,Cyclone,,,4,3,3,2006,0.366064211,,,y,,y
Southern,CB,O,BROOMFIELD REEF,1988,0.475714472,no,3,2006,0.366064211,2007,01 to 10,0.229073417,Multiple,Unknown,Unknown,,,1,2,2,2008,0.398375237,,,y,,y
Southern,CB,O,BROOMFIELD REEF,1988,0.475714472,no,4,2008,0.398375237,2009,01 to 10,0.185924782,Cyclone,Cyclone,Cyclone,,,1,,12,2021,0.5911291,,,n,,y
Southern,SW,M,CHINAMAN REEF(22102),1988,0.380202592,no,1,1988,0.380202592,1990,86 to 90,0.208446633,Multiple,Cumulative,Cyclone,COTS,,2,13,13,1998,0.37420915,2017,0.472944694,y,n,y
Southern,SW,M,CHINAMAN REEF(22102),1988,0.380202592,no,2,1998,0.37420915,2003,01 to 10,0.142086775,COTS,Cumulative,COTS,,,5,17,17,2017,0.472944694,,,y,,y
Southern,SW,M,CHINAMAN REEF(22102),1989,0.380202592,no,3,2017,0.472944694,2020,11 to 20,0.100678671,COTS,Cumulative,COTS,,,3,,1,2022,0.207692369,,,n,,y
Southern,PO,M,CREAL REEF,1994,0.73978585,yes,1,1994,0.73978585,2000,91 to 00,0.51809325,Cyclone,Cumulative,Cyclone,,,6,13,13,2007,0.69338849,1994,0.73978585,y,y,y
Southern,PO,M,CREAL REEF,1994,0.73978585,yes,2,2007,0.69338849,2013,11 to 20,0.09514796,Multiple,Cumulative,Cyclone,COTS,,6,,8,2021,0.4711813,,,n,,y
Southern,PO,M,CREDLIN REEFS (EAST),1993,0.547840861,yes,1,1986,0.351538462,1987,86 to 90,0.190481487,Unknown,Unknown,Unknown,,,1,20,20,1993,0.547840861,1993,0.547840861,y,y,y
Southern,PO,M,CREDLIN REEFS (EAST),1993,0.547840861,yes,2,1993,0.547840861,2007,01 to 10,0.074311187,Multiple,Cumulative,Cyclone,COTS,Bleaching,14,12,12,2017,0.278899588,,,y,,y
Southern,PO,M,CREDLIN REEFS (EAST),1993,0.547840861,yes,3,2017,0.278899588,2019,11 to 20,0.131676144,Multiple,Cumulative,Cyclone,Bleaching,,2,,2,2021,0.144025919,,,n,,y
Southern,SW,O,EAST CAY REEF,1992,0.393146331,yes,1,1992,0.393146331,1996,91 to 00,0.204094705,Cyclone,Cumulative,Cyclone,,,4,15,15,2006,0.364713292,2022,0.466267069,y,n,y
Southern,SW,O,EAST CAY REEF,1992,0.393146331,yes,2,2006,0.364713292,2011,11 to 20,0.205250804,Unknown,Cumulative,Unknown,,,5,,10,2022,0.466267069,,,n,,y
Southern,CB,O,ERSKINE REEF,2006,0.287326582,no,1,2006,0.287326582,2010,01 to 10,0.139432584,Multiple,Cumulative,Cyclone,Bleaching,,4,,11,2020,0.419105775,2020,0.419105775,y,n,n
Southern,CB,O,FAIRFAX ISLANDS REEF,2006,0.556381449,yes,1,2006,0.556381449,2012,11 to 20,0.144502351,Multiple,Cumulative,Cyclone,Cyclone,,6,,9,2022,0.592180458,2006,0.5561944,n,n,n
Southern,SW,M,GANNETT CAY REEF,1988,0.74858936,yes,1,1988,0.74858936,1995,91 to 00,0.26676226,Multiple,Cumulative,COTS,Cyclone,,7,9,9,1996,0.42759707,1988,0.74858936,y,y,y
Southern,SW,M,GANNETT CAY REEF,1988,0.74858936,yes,2,1996,0.42759707,2004,01 to 10,0.08903426,COTS,Cumulative,COTS,,,8,17,17,2017,0.4712724,,,y,,y
Southern,SW,M,GANNETT CAY REEF,1988,0.74858936,yes,3,2017,0.4712724,2021,11 to 20,0.2242476,Multiple,Cumulative,COTS,Bleaching,,4,,0,NA,NA,,,n,,y
Southern,SW,M,HORSESHOE,1995,0.313758569,yes,1,1986,0.282719215,1993,91 to 00,0.210862564,Unknown,Cumulative,Unknown,,,7,13,13,1995,0.313758569,1995,0.313758569,y,y,y
Southern,SW,M,HORSESHOE,1995,0.313758569,yes,2,1995,0.313758569,2006,01 to 10,0.093366892,COTS,Cumulative,COTS,,,11,13,13,2017,0.295981298,,,y,,y
Southern,SW,M,HORSESHOE,1995,0.313758569,yes,3,2017,0.295981298,2019,11 to 20,0.090106818,COTS,Cumulative,COTS,,,2,,2,2022,0.111516622,,,n,,y
Southern,CB,O,HOSKYN ISLANDS REEF,1987,0.7474819,yes,1,1987,0.7474819,1990,86 to 90,0.2240648,Cyclone,Cumulative,Cyclone,,,3,20,20,2006,0.5533598,1987,0.7474819,y,n,y
Southern,CB,O,HOSKYN ISLANDS REEF,1987,0.7474819,yes,2,2006,0.5533598,2010,01 to 10,0.178891,Multiple,Cumulative,Cyclone,Disease,,4,,11,2021,0.6248712,,,n,,y
Southern,CB,O,LADY MUSGRAVE REEF,1987,0.713354773,yes,1,1987,0.713354773,1994,91 to 00,0.168851627,Cyclone,Cumulative,Cyclone,,,7,11,11,2002,0.569340079,1987,0.713354773,y,y,y
Southern,CB,O,LADY MUSGRAVE REEF,1987,0.713354773,yes,2,2002,0.569340079,2005,01 to 10,0.45765896,Multiple,Cumulative,Cyclone,Disease,,3,7,7,2007,0.533488744,,,y,,y
Southern,CB,O,LADY MUSGRAVE REEF,1987,0.713354773,yes,3,2007,0.533488744,2012,11 to 20,0.15719832,Multiple,Cumulative,Cyclone,Disease,,5,,9,2022,0.677883155,,,y,,y
Southern,CB,O,MAST HEAD REEF,1992,0.317897672,no,1,1992,0.317897672,2010,01 to 10,0.129529233,Multiple,Cumulative,Unknown ,Cyclone,Bleaching,18,,11,2020,0.366209413,2020,0.366209413,y,n,n
Southern,CB,O,NORTH REEF (NORTH),2006,0.4501091,no,1,2006,0.4501091,2010,01 to 10,0.1936379,Multiple,Cumulative,Cyclone,Bleaching,,4,,11,2016,0.4763479,2016,0.484191176,n,n,n
Southern,CB,O,ONE TREE REEF,1987,0.609678908,yes,1,1987,0.609678908,1994,91 to 00,0.178128605,Multiple,Cumulative,Unknown ,Cyclone,,7,17,17,2002,0.504911356,2022,0.643687855,y,n,y
Southern,CB,O,ONE TREE REEF,1987,0.609678908,yes,2,2002,0.504911356,2011,11 to 20,0.161482102,Multiple,Cumulative,Cyclone,Disease,,9,,10,2022,0.643687855,,,n,,y
Southern,PO,M,PACKER REEFS,1994,0.515384615,yes,1,1994,0.515384615,1997,91 to 00,0.39296875,Cyclone,Cumulative,Cyclone,,,3,10,10,2000,0.491826923,1994,0.515384615,y,y,y
Southern,PO,M,PACKER REEFS,1994,0.515384615,yes,2,2000,0.491826923,2007,01 to 10,0.294230769,Multiple,Cumulative,Bleaching,Unknown,Cyclone,7,,14,2013,0.326666667,,,n,,y
Northern,CG,M,PEARSON REEF,2013,0.292087259,no,1,2013,0.292087259,2017,11 to 20,0.130076492,Bleaching,Cumulative,Bleaching,,,4,,4,2022,0.324163253,2013,0.2914029,n,y,n
Southern,PO,M,POMPEY REEF (NO 1),2006,0.263020833,no,1,2006,0.263020833,2010,01 to 10,0.151785714,Multiple,Cumulative,COTS,Cyclone,,4,,11,2020,0.3205,2020,0.3205,n,n,n
Southern,PO,M,POMPEY REEF (NO 2),2006,0.293534044,yes,1,2006,0.293534044,2018,11 to 20,0.108586255,Cyclone,Cumulative,Cyclone,,,12,,3,2022,0.162574066,2006,0.27827381,n,y,n
Southern,SW,M,SNAKE (22088),1993,0.338480392,no,1,1993,0.338480392,1997,91 to 00,0.133695652,Multiple,Cumulative,COTS,Bleaching,Cyclone,4,7,7,1999,0.272690217,2017,0.383423913,y,n,y
Southern,SW,M,SNAKE (22088),1993,0.338480392,no,2,1999,0.272690217,2004,01 to 10,0.176080247,Unknown,Cumulative,Unknown,,,5,7,7,2006,0.271677215,,,y,,y
Southern,SW,M,SNAKE (22088),1993,0.338480392,no,3,2006,0.271677215,2011,11 to 20,0.0975,Cyclone,Cumulative,Cyclone,,,5,,10,2017,0.383423913,,,y,,y
Southern,PO,M,TERN REEF(20309),2008,0.466405796,yes,1,2008,0.466405796,2012,11 to 20,0.187279616,Multiple,Cumulative,COTS,Cyclone,,4,,9,2022,0.361723416,2008,0.462083333,n,y,n
Southern,SW,O,TURNER REEF,2000,0.47558511,no,1,2000,0.47558511,2006,01 to 10,0.090645738,COTS,Cumulative,COTS,,,6,13,13,2017,0.532187964,2017,0.532187964,y,n,y
Southern,SW,O,TURNER REEF,2000,0.47558511,no,2,2017,0.532187964,2019,11 to 20,0.09481291,COTS,Cumulative,COTS,,,2,,2,2022,0.13148117,,,n,,y
Southern,SW,M,WADE REEF,2016,0.447050234,yes,1,2016,0.447050234,2020,11 to 20,0.082078615,COTS,Cumulative,COTS,,,4,,1,2022,0.112914144,2016,0.447050234,n,n,n
Southern,CB,O,WRECK ISLAND REEF,2000,0.483827779,no,1,2000,0.483827779,2013,11 to 20,0.174589702,Multiple,Cumulative,Cyclone,Disease,Unknown,13,,8,2022,0.719858234,2017,0.560277778,n,n,n
Northern,CL,M,LIZARD ISLAND,1988,0.198587512,yes,1,1988,0.198587512,1998,91 to 00,0.074812134,Multiple,Cumulative,COTS,Cyclone,Unknown,10,21,21,2010,0.144302253,1988,0.198587512,y,y,y
Northern,CL,M,LIZARD ISLAND,1988,0.198587512,yes,2,2010,0.144302253,2019,11 to 20,0.064978025,Multiple,Cumulative,COTS,Bleaching,Cyclone,9,,2,2022,0.188313049,,,n,,y
Northern,CL,M,MACGILLIVRAY REEF,1992,0.363096097,yes,1,1992,0.363096097,1998,91 to 00,0.171131996,COTS,Cumulative,COTS,,,6,6,6,1999,0.315023061,1992,0.363096097,y,y,y
Northern,CL,M,MACGILLIVRAY REEF,1992,0.363096097,yes,2,1999,0.315023061,2004,01 to 10,0.171103209,COTS,Cumulative,COTS,,,5,4,4,2007,0.344999918,,,y,,y
Northern,CL,M,MACGILLIVRAY REEF,1992,0.363096097,yes,3,2007,0.344999918,2008,01 to 10,0.240504398,Unknown,Unknown,Unknown,,,1,3,3,2009,0.360449006,,,y,,y
Northern,CL,M,MACGILLIVRAY REEF,1992,0.363096097,yes,4,2009,0.360449006,2011,11 to 20,0.258068969,Unknown,Cumulative,Unknown,,,2,6,6,2013,0.341101574,,,y,,y
Northern,CL,M,MACGILLIVRAY REEF,1992,0.363096097,yes,5,2013,0.341101574,2017,11 to 20,0.071898621,Multiple,Cumulative,COTS,Bleaching,Cyclone,4,,4,2022,0.304099154,,,n,,y
Northern,CL,O,CARTER REEF,2002,0.297628704,yes,1,1990,0.241903077,1991,91 to 00,0.14192409,Cyclone,Cyclone,Cyclone,,,1,26,26,2002,0.297628704,2002,0.297628704,y,y,y
Northern,CL,O,CARTER REEF,2002,0.297628704,yes,2,2002,0.297628704,2017,11 to 20,0.104326681,Multiple,Cumulative,COTS,Bleaching,Cyclone,15,,4,2022,0.271168304,,,n,,y
Central,CA,I,FITZROY ISLAND REEF,2009,0.300617461,yes,1,1989,0.229106702,1991,91 to 00,0.048203787,Multiple,Cumulative,Cyclone,,,2,11,11,1998,0.237430287,2009,0.29804495,y,n,y
Central,CA,I,FITZROY ISLAND REEF,2009,0.300617461,yes,2,1998,0.237430287,2002,01 to 10,0.075885457,Multiple,Cumulative,COTS,Bleaching,,4,15,15,2009,0.300617461,,,y,,y
Central,CA,I,FITZROY ISLAND REEF,2009,0.300617461,yes,3,2009,0.300617461,2017,11 to 20,0.210976145,Multiple,Cumulative,COTS,Cyclone,,8,,4,2022,0.341706582,,,n,,y
